flightaware_url,flightradar_csv,callsign,aircraft_registration,aircraft_hex,origin_iata,origin_icao,destination_iata,destination_icao
https://www.flightaware.com/live/flight/UNI133/history/20251001/0923Z/EDDK/EDVK/tracklog,,UNI133,D-CDOC,3CC95A,CGN,EDDK,KSF,EDVK
,UNI133_3c762161,UNI133,D-CDOC,3CC95A,KSF,EDVK,KSF,EDVK
,UNI133_3c7625f7,UNI133,D-CDOC,3CC95A,KSF,EDVK,KSF,EDVK
,UNI133_3c762df9,UNI133,D-CDOC,3CC95A,KSF,EDVK,KSF,EDVK
,UNI133_3c763a09,UNI133,D-CDOC,3CC95A,KSF,EDVK,KSF,EDVK
https://www.flightaware.com/live/flight/UNI133/history/20251001/1054Z/tracklog,,UNI133,D-CDOC,3CC95A,KSF,EDVK,CGN,EDDK
https://www.flightaware.com/live/flight/UNI135/history/20251009/1002Z/EDDK/LEPA/tracklog,,UNI135,D-CHLP,3CD3A9,CGN,EDDK,PMI,LEPA
https://www.flightaware.com/live/flight/UNI135/history/20251009/1443Z/LEPA/EGNT/tracklog,,UNI135,D-CHLP,3CD3A9,PMI,LEPA,NCL,EGNT
https://www.flightaware.com/live/flight/UNI135/history/20251009/1855Z/EGNT/EDDK/tracklog,,UNI135,D-CHLP,3CD3A9,NCL,EGNT,CGN,EDDK
https://www.flightaware.com/live/flight/UNI135/history/20251010/1052Z/EDDK/LIRP/tracklog,,UNI135,D-CHLP,3CD3A9,CGN,EDDK,PSA,LIRP
https://www.flightaware.com/live/flight/UNI135/history/20251010/1344Z/LIRP/EGAC/tracklog,,UNI135,D-CHLP,3CD3A9,PSA,LIRP,BHD,EGAC
https://www.flightaware.com/live/flight/UNI135/history/20251010/1746Z/EGAC/EDDK/tracklog,,UNI135,D-CHLP,3CD3A9,BHD,EGAC,CGN,EDDK
https://www.flightaware.com/live/flight/UNI132/history/20251027/0942Z/EDDK/L%2038.21436%2013.20616/tracklog,,UNI132,D-CICU,3CD568,CGN,EDDK,PMO,LICJ
https://www.flightaware.com/live/flight/UNI132/history/20251027/1250Z/tracklog,,UNI132,D-CICU,3CD568,PMO,LICJ,AMS,EHAM
https://www.flightaware.com/live/flight/UNI132/history/20251027/1630Z/EHAM/EDDK/tracklog,,UNI132,D-CICU,3CD568,AMS,EHAM,CGN,EDDK
https://www.flightaware.com/live/flight/UNI134/history/20251030/0844Z/EDDK/LIRQ/tracklog,,UNI134,D-CSOS,3CF106,CGN,EDDK,FLR,LIRQ
https://www.flightaware.com/live/flight/UNI134/history/20251030/1231Z/LIRQ/EHEH/tracklog,,UNI134,D-CSOS,3CF106,FLR,LIRQ,EIN,EHEH
https://www.flightaware.com/live/flight/UNI134/history/20251030/1740Z/EHEH/EDDK/tracklog,,UNI134,D-CSOS,3CF106,EIN,EHEH,CGN,EDDK
https://www.flightaware.com/live/flight/UNI135/history/20251031/0825Z/EDDK/LTBS/tracklog,,UNI135,D-CHLP,3CD3A9,CGN,EDDK,DLM,LTBS
https://www.flightaware.com/live/flight/UNI135/history/20251031/1244Z/LTBS/tracklog,,UNI135,D-CHLP,3CD3A9,DLM,LTBS,DBV,LDDU
https://www.flightaware.com/live/flight/UNI135/history/20251031/1529Z/LDDU/EGNR/tracklog,,UNI135,D-CHLP,3CD3A9,DBV,LDDU,CEG,EGNR
https://www.flightaware.com/live/flight/UNI135/history/20251101/0934Z/EGNR/LGAV/tracklog,,UNI135,D-CHLP,3CD3A9,CEG,EGNR,ATH,LGAV
https://www.flightaware.com/live/flight/UNI135/history/20251101/1547Z/LGAV/LDDU/tracklog,,UNI135,D-CHLP,3CD3A9,ATH,LGAV,DBV,LDDU
https://www.flightaware.com/live/flight/UNI135/history/20251101/1804Z/LDDU/EGGD/tracklog,,UNI135,D-CHLP,3CD3A9,DBV,LDDU,BRS,EGGD
https://www.flightaware.com/live/flight/UNI135/history/20251102/1144Z/EGGD/EDDK/tracklog,,UNI135,D-CHLP,3CD3A9,BRS,EGGD,CGN,EDDK
,UNI131_3d390576,UNI131,D-CAAE,3CC004,CGN,EDDK,TZX,LTCG
,UNI131_3d398df9,UNI131,D-CAAE,3CC004,TZX,LTCG,SHJ,OMSJ
https://www.flightaware.com/live/flight/DCAAE/history/20251124/0607Z/OMSJ/VOHS/tracklog,,UNI131,D-CAAE,3CC004,SHJ,OMSJ,HYD,VOHS
https://www.flightaware.com/live/flight/DCAAE/history/20251124/1019Z/VOHS/VTSP/tracklog,,UNI131,D-CAAE,3CC004,HYD,VOHS,HKT,VTSP
https://www.flightaware.com/live/flight/DCAAE/history/20251125/1448Z/VTSP/VOHS/tracklog,,UNI131,D-CAAE,3CC004,HKT,VTSP,HYD,VOHS
https://www.flightaware.com/live/flight/DCAAE/history/20251125/1833Z/VOHS/OMSJ/tracklog,,UNI131,D-CAAE,3CC004,HYD,VOHS,SHJ,OMSJ
https://www.flightaware.com/live/flight/UNI133/history/20251130/1131Z/EDDK/GCXO/tracklog,,UNI133,D-CDOC,3CC95A,CGN,EDDK,TFN,GCXO
https://www.flightaware.com/live/flight/UNI133/history/20251201/1051Z/GCXO/EGKB/tracklog,,UNI133,D-CDOC,3CC95A,TFN,GCXO,BQH,EGKB
https://www.flightaware.com/live/flight/UNI133/history/20251201/1851Z/EGKB/EDDK/tracklog,,UNI133,D-CDOC,3CC95A,BQH,EGKB,CGN,EDDK
https://www.flightaware.com/live/flight/UNI137/history/20251203/1210Z/EDDK/LCPH/tracklog,,UNI137,D-CUNI,3CF62A,CGN,EDDK,PFO,LCPH
https://www.flightaware.com/live/flight/UNI137/history/20251204/0906Z/LCPH/LDDU/tracklog,,UNI137,D-CUNI,3CF62A,PFO,LCPH,DBV,LDDU
https://www.flightaware.com/live/flight/UNI137/history/20251204/1213Z/LDDU/EGCC/tracklog,,UNI137,D-CUNI,3CF62A,DBV,LDDU,MAN,EGCC
https://www.flightaware.com/live/flight/UNI137/history/20251204/1733Z/EGCC/EDDK/tracklog,,UNI137,D-CUNI,3CF62A,MAN,EGCC,CGN,EDDK
https://www.flightaware.com/live/flight/DCUNI/history/20251207/0605Z/EDDK/LEVC/tracklog,,UNI137,D-CUNI,3CF62A,CGN,EDDK,VLC,LEVC
https://www.flightaware.com/live/flight/DCUNI/history/20251207/1126Z/LEVC/EDDL/tracklog,,UNI137,D-CUNI,3CF62A,VLC,LEVC,DUS,EDDL
https://www.flightaware.com/live/flight/UNI137/history/20251208/0823Z/EDDL/EPGD/tracklog,,UNI137,D-CUNI,3CF62A,DUS,EDDL,GDN,EPGD
https://www.flightaware.com/live/flight/UNI137/history/20251208/1143Z/EPGD/EDDF/tracklog,,UNI137,D-CUNI,3CF62A,GDN,EPGD,FRA,EDDF
https://www.flightaware.com/live/flight/UNI137/history/20251208/1606Z/EDDF/LEZL/tracklog,,UNI137,D-CUNI,3CF62A,FRA,EDDF,SVQ,LEZL
https://www.flightaware.com/live/flight/UNI137/history/20251209/0841Z/LEZL/GCXO/tracklog,,UNI137,D-CUNI,3CF62A,SVQ,LEZL,TFN,GCXO
https://www.flightaware.com/live/flight/UNI137/history/20251209/1306Z/GCXO/LEVD/tracklog,,UNI137,D-CUNI,3CF62A,TFN,GCXO,VLL,LEVD
https://www.flightaware.com/live/flight/UNI137/history/20251209/1620Z/LEVD/EDLW/tracklog,,UNI137,D-CUNI,3CF62A,VLL,LEVD,DTM,EDLW
https://www.flightaware.com/live/flight/UNI137/history/20251210/0947Z/EDLW/LEAL/tracklog,,UNI137,D-CUNI,3CF62A,DTM,EDLW,ALC,LEAL
,UNI137_3d732446,UNI137,D-CUNI,3CF62A,ALC,LEAL,BHX,EGBB
https://www.flightaware.com/live/flight/UNI137/history/20251211/0905Z/EGBB/EDDK/tracklog,,UNI137,D-CUNI,3CF62A,BHX,EGBB,CGN,EDDK