time_europe_berlin;latitude;longitude;course_deg_clockwise_from_north;speed_kts;speed_mph;altitude_ft;vertical_rate_fpm;reporting_facility
30.10.2025 18:28:56;51.4457;5.3693;217;154;177;475;;FlightAware ADS-B(EIN / EHEH)
30.10.2025 18:29:12;51.4366;5.3583;218;154;177;1600;4172;FlightAware ADS-B(EIN / EHEH)
30.10.2025 18:29:28;51.4275;5.3470;218;157;181;2700;4078;FlightAware ADS-B(UDE / EHVK)
30.10.2025 18:29:44;51.4182;5.3354;217;161;185;3775;3609;FlightAware ADS-B(GLZ / EHGR)
30.10.2025 18:30:00;51.4079;5.3237;215;176;203;4625;3227;FlightAware ADS-B(EIN / EHEH)
30.10.2025 18:30:17;51.3952;5.3159;184;189;217;5550;3643;FlightAware ADS-B(EIN / EHEH)
30.10.2025 18:30:35;51.3808;5.3238;143;201;231;6750;3947;FlightAware ADS-B(EHDL)
30.10.2025 18:30:55;51.3681;5.3483;121;213;245;8050;2966;FlightAware ADS-B(EDLS)
30.10.2025 18:31:19;51.3580;5.3840;111;246;283;8925;1096;FlightAware ADS-B(EHTE)
30.10.2025 18:31:47;51.3470;5.4358;108;275;316;9000;78;FlightAware ADS-B(DUS / EDDL)
30.10.2025 18:32:17;51.3350;5.4958;107;287;330;9000;;FlightAware ADS-B(EDLC)
30.10.2025 18:32:47;51.3226;5.5580;108;288;331;9000;;FlightAware ADS-B(EDLC)
30.10.2025 18:33:17;51.3101;5.6174;109;283;326;9000;;FlightAware ADS-B(EBBE)
30.10.2025 18:33:47;51.2974;5.6758;109;279;321;9000;;FlightAware ADS-B(EIN / EHEH)
30.10.2025 18:34:09;51.2883;5.7187;109;278;320;9000;;FlightAware ADS-B(EHDL)
30.10.2025 18:34:30;51.2795;5.7611;108;277;319;9000;;FlightAware ADS-B(EBBL)
30.10.2025 18:35:19;51.2597;5.8554;109;274;315;9000;;FlightAware ADS-B(MST / EHBK)
30.10.2025 18:35:49;51.2477;5.9127;109;273;314;9000;;FlightAware ADS-B(MST / EHBK)
30.10.2025 18:36:19;51.2361;5.9676;109;273;314;9000;;FlightAware ADS-B(FMO / EDDG)
30.10.2025 18:36:49;51.2239;6.0243;110;272;313;9000;;FlightAware ADS-B(EIN / EHEH)
30.10.2025 18:37:19;51.2111;6.0801;110;271;312;9000;;FlightAware ADS-B(EDKL)
30.10.2025 18:37:36;51.2039;6.1121;110;271;312;9000;;FlightAware ADS-B(ESS / EDLE)
30.10.2025 18:38:06;51.1914;6.1677;110;271;312;9000;-225;FlightAware ADS-B(MST / EHBK)
30.10.2025 18:38:36;51.1778;6.2278;110;278;320;8775;-700;FlightAware ADS-B(EHDP)
30.10.2025 18:39:06;51.1647;6.2855;110;279;321;8300;-975;FlightAware ADS-B(MGL / EDLN)
30.10.2025 18:39:36;51.1515;6.3432;110;278;320;7800;-900;FlightAware ADS-B(EDLK)
30.10.2025 18:40:31;51.1277;6.4480;110;270;311;7025;-565;FlightAware ADS-B(ETSB)
30.10.2025 18:41:01;51.1157;6.5016;110;251;289;7000;-225;FlightAware ADS-B(EDKL)
30.10.2025 18:41:31;51.1046;6.5503;110;253;291;6800;-975;FlightAware ADS-B(MGL / EDLN)
30.10.2025 18:42:01;51.0919;6.6055;110;258;297;6025;-1500;FlightAware ADS-B(ESS / EDLE)
30.10.2025 18:42:30;51.0802;6.6556;110;257;296;5325;-1475;FlightAware ADS-B(EHDL)
30.10.2025 18:43:00;51.0676;6.7088;111;257;296;4575;-1525;FlightAware ADS-B(UDE / EHVK)
30.10.2025 18:43:30;51.0547;6.7625;110;258;297;3800;-1475;FlightAware ADS-B(DUS / EDDL)
30.10.2025 18:44:00;51.0426;6.8147;110;258;297;3100;-825;FlightAware ADS-B(DUS / EDDL)
30.10.2025 18:44:30;51.0316;6.8636;109;225;259;2975;-156;FlightAware ADS-B(ESS / EDLE)
30.10.2025 18:44:48;51.0243;6.8933;117;213;245;2975;44;Surface and Near-Surface
30.10.2025 18:45:04;51.0150;6.9122;133;202;232;3000;;FlightAware ADS-B(ETNN)
30.10.2025 18:45:20;51.0050;6.9272;139;196;226;2975;-47;FlightAware ADS-B(CGN / EDDK)
30.10.2025 18:45:36;50.9942;6.9415;140;190;219;2975;;FlightAware ADS-B(ETNN)
30.10.2025 18:45:52;50.9837;6.9561;138;183;211;2975;-141;FlightAware ADS-B(EDKF)
30.10.2025 18:46:08;50.9735;6.9710;137;183;211;2900;-609;FlightAware ADS-B(CGN / EDDK)
30.10.2025 18:46:24;50.9632;6.9862;137;190;219;2650;-844;FlightAware ADS-B(ETSB)
30.10.2025 18:46:40;50.9537;7.0002;137;180;207;2450;-946;FlightAware ADS-B(ETNN)
30.10.2025 18:47:10;50.9360;7.0258;137;170;196;1925;-975;FlightAware ADS-B(CGN / EDDK)
30.10.2025 18:47:40;50.9195;7.0501;137;154;177;1475;-885;FlightAware ADS-B(DUS / EDDL)
30.10.2025 18:47:49;50.9142;7.0580;137;145;167;1350;-750;Surface and Near-Surface
30.10.2025 18:47:56;50.9114;7.0622;137;136;157;1275;-652;FlightAware ADS-B(EDRW)
30.10.2025 18:48:12;50.9044;7.0726;137;131;151;1100;-703;FlightAware ADS-B(CGN / EDDK)
30.10.2025 18:48:28;50.8975;7.0826;139;127;146;900;-703;FlightAware ADS-B(EDKL)
30.10.2025 18:48:44;50.8902;7.0926;138;122;140;725;-609;FlightAware ADS-B(ETNN)
30.10.2025 18:49:00;50.8837;7.1021;136;122;140;575;-609;FlightAware ADS-B(DUS / EDDL)
30.10.2025 18:49:16;50.8770;7.1119;137;122;140;400;-656;FlightAware ADS-B(CGN / EDDK)
30.10.2025 18:49:32;50.8703;7.1216;138;119;137;225;-656;FlightAware ADS-B(CGN / EDDK)
