time_utc,latitude,longitude,course_deg_clockwise_from_north,speed_kts,speed_mph,altitude_ft,vertical_rate_fpm,value_origin
27.10.2025 09:36:54,50.8654,7.1288,318,111,128,650,0,original
27.10.2025 09:36:58,50.8672,7.1261,318,137,158,725,2250,original
27.10.2025 09:37:14,50.8754,7.1154,323,152,175,1400,3328,original
27.10.2025 09:37:30,50.8839,7.1060,327,150,173,2500,3797,original
27.10.2025 09:37:46,50.8970,7.1059,20,186,214,3425,3234,original
27.10.2025 09:38:02,50.9100,7.1166,28,205,236,4225,2813,original
27.10.2025 09:38:18,50.9233,7.1279,28,220,253,4925,2016,original
27.10.2025 09:38:34,50.9373,7.1450,47,255,293,5300,1031,original
27.10.2025 09:38:50,50.9487,7.1712,61,283,326,5475,1547,original
27.10.2025 09:39:06,50.9579,7.2018,66,293,337,6125,2458,original
27.10.2025 09:39:26,50.9688,7.2421,69,316,364,6950,2667,original
27.10.2025 09:39:42,50.9726,7.2817,94,333,383,7725,3132,original
27.10.2025 09:40:00,50.9643,7.3239,117,347,399,8725,3158,original
27.10.2025 09:40:20,50.9458,7.3688,128,350,403,9725,2921,original
27.10.2025 09:40:38,50.9277,7.4019,132,347,399,10575,2938,original
27.10.2025 09:41:08,50.8941,7.4564,135,349,402,12075,3026,original
27.10.2025 09:41:36,50.8622,7.5084,136,359,413,13500,3033,original
27.10.2025 09:41:53,50.8401,7.5331,150,367,422,14350,3036,original
27.10.2025 09:42:18,50.8003,7.5637,156,392,451,15625,3329,original
27.10.2025 09:42:34,50.7741,7.5820,156,403,464,16625,3894,original
27.10.2025 09:43:10,50.7114,7.6285,154,419,482,19000,4068,original
27.10.2025 09:43:33,50.6719,7.6591,154,424,488,20625,4037,original
27.10.2025 09:44:18,50.5912,7.7207,154,427,491,23575,3583,original
27.10.2025 09:44:45,50.5446,7.7561,154,435,501,24925,2280,original
27.10.2025 09:45:33,50.4538,7.8245,154,470,541,26425,1558,original
27.10.2025 09:46:03,50.3937,7.8698,154,494,568,26950,1500,original
27.10.2025 09:46:33,50.3303,7.9177,154,503,579,27925,1875,original
27.10.2025 09:47:03,50.2674,7.9649,154,512,589,28825,1250,original
27.10.2025 09:47:33,50.2022,8.0134,154,526,605,29175,1075,original
27.10.2025 09:48:03,50.1371,8.0619,154,528,608,29900,1529,original
27.10.2025 09:48:24,50.0890,8.0976,155,527,606,30475,1679,original
27.10.2025 09:48:45,50.0457,8.1282,155,525,604,31075,1853,original
27.10.2025 09:49:15,49.9786,8.1781,154,520,598,32050,1900,original
27.10.2025 09:49:45,49.9163,8.2252,155,515,593,32975,1859,original
27.10.2025 09:50:01,49.8793,8.2521,155,515,593,33475,1304,original
27.10.2025 09:50:31,49.8142,8.2998,154,521,600,33975,525,original
27.10.2025 09:51:01,49.7500,8.3472,155,519,597,34000,25,original
27.10.2025 09:51:31,49.6873,8.3930,155,518,596,34000,0,original
27.10.2025 09:52:01,49.6202,8.4413,155,517,595,34000,226,original
27.10.2025 09:52:44,49.5268,8.5094,155,510,587,34275,781,original
27.10.2025 09:53:14,49.4658,8.5532,155,506,582,34950,725,original
27.10.2025 09:53:44,49.4006,8.6002,155,521,600,35000,50,original
27.10.2025 09:54:14,49.3349,8.6475,155,524,603,35000,0,original
27.10.2025 09:54:44,49.2682,8.6952,155,523,602,35000,0,original
27.10.2025 09:55:14,49.2045,8.7404,155,519,597,35000,0,original
27.10.2025 09:55:44,49.1378,8.7881,155,517,595,35000,0,original
27.10.2025 09:56:14,49.0725,8.8344,155,516,594,35000,0,original
27.10.2025 09:56:45,49.0053,8.8819,155,514,592,35000,0,original
27.10.2025 09:57:03,48.9692,8.9075,155,514,592,35000,63,original
27.10.2025 09:57:33,48.9020,8.9547,155,518,596,35050,975,original
27.10.2025 09:58:03,48.8396,8.9984,155,511,588,35975,1350,original
27.10.2025 09:58:33,48.7729,9.0453,155,518,596,36400,650,original
27.10.2025 09:59:03,48.7076,9.0909,155,524,603,36625,543,original
27.10.2025 09:59:31,48.6467,9.1336,154,528,608,36925,716,original
27.10.2025 09:59:47,48.6112,9.1619,151,531,611,37150,1114,original
27.10.2025 10:00:06,48.5710,9.1972,149,529,609,37575,1371,original
27.10.2025 10:00:22,48.5389,9.2264,149,526,605,37950,1433,original
27.10.2025 10:00:51,48.4782,9.2837,148,519,597,38650,1424,original
27.10.2025 10:01:21,48.4184,9.3385,149,510,587,39350,1420,original
27.10.2025 10:02:06,48.3252,9.4226,149,502,578,40425,1240,original
27.10.2025 10:02:36,48.2679,9.4743,149,501,577,40900,575,original
27.10.2025 10:03:06,48.2096,9.5262,149,509,586,41000,98,original
27.10.2025 10:03:37,48.1445,9.5841,149,517,595,41000,0,original
27.10.2025 10:04:07,48.0838,9.6384,149,525,604,41000,0,original
27.10.2025 10:04:37,48.0202,9.6944,150,526,605,41000,0,original
27.10.2025 10:05:44,47.8805,9.8180,149,531,611,41000,0,original
27.10.2025 10:06:14,47.8188,9.8720,150,526,605,41000,0,original
27.10.2025 10:06:41,47.7619,9.9215,150,524,603,41000,0,original
27.10.2025 10:07:19,47.6826,9.9909,150,520,598,41000,0,original
27.10.2025 10:07:49,47.6211,10.0447,150,517,595,41000,0,original
27.10.2025 10:08:19,47.5579,10.0991,149,512,589,41000,0,original
27.10.2025 10:08:49,47.4972,10.1519,150,510,587,41000,0,original
27.10.2025 10:09:19,47.4367,10.2040,149,509,586,41000,0,original
27.10.2025 10:09:49,47.3761,10.2562,150,510,587,41000,0,original
27.10.2025 10:10:19,47.3137,10.3101,150,511,588,41000,0,original
27.10.2025 10:10:41,47.2691,10.3475,152,510,587,41000,0,original
27.10.2025 10:10:58,47.2326,10.3705,159,505,581,41000,0,original
27.10.2025 10:11:17,47.1914,10.3912,162,501,577,41000,0,original
27.10.2025 10:11:36,47.1500,10.4102,163,499,574,41000,0,original
27.10.2025 10:12:16,47.0619,10.4520,162,491,565,41000,0,original
27.10.2025 10:12:46,46.9968,10.4832,162,485,558,41000,0,original
27.10.2025 10:13:16,46.9341,10.5129,162,485,558,41000,0,original
27.10.2025 10:13:46,46.8695,10.5437,162,483,556,41000,0,original
27.10.2025 10:14:16,46.8056,10.5739,162,481,554,41000,0,original
27.10.2025 10:14:46,46.7436,10.6031,162,479,551,41000,0,original
27.10.2025 10:15:16,46.6819,10.6324,162,477,549,41000,0,original
27.10.2025 10:15:46,46.6178,10.6621,162,475,547,41000,0,original
27.10.2025 10:16:16,46.5531,10.6925,163,475,547,41000,0,original
27.10.2025 10:16:46,46.4913,10.7217,162,476,548,41000,0,original
27.10.2025 10:17:16,46.4301,10.7499,162,481,554,41000,0,original
27.10.2025 10:17:47,46.3640,10.7810,162,483,556,41000,0,original
27.10.2025 10:18:17,46.3007,10.8104,162,483,556,41000,0,original
27.10.2025 10:18:47,46.2353,10.8402,162,482,555,41000,0,original
27.10.2025 10:19:17,46.1693,10.8712,162,487,560,41000,0,original
27.10.2025 10:19:47,46.1077,10.8995,163,487,560,41000,0,original
27.10.2025 10:20:17,46.0450,10.9283,162,489,563,41000,0,original
27.10.2025 10:20:47,45.9806,10.9573,162,491,565,41000,0,original
27.10.2025 10:21:17,45.9138,10.9885,162,491,565,41000,0,original
27.10.2025 10:21:47,45.8492,11.0177,163,493,567,41000,0,original
27.10.2025 10:22:18,45.7819,11.0485,162,494,568,41000,0,original
27.10.2025 10:22:48,45.7166,11.0781,162,495,570,41000,0,original
27.10.2025 10:23:18,45.6522,11.1072,162,498,573,41000,0,original
27.10.2025 10:23:48,45.5834,11.1382,163,498,573,41000,0,original
27.10.2025 10:24:17,45.5206,11.1663,164,498,573,41000,0,original
27.10.2025 10:24:47,45.4538,11.1927,165,498,573,41000,0,original
27.10.2025 10:25:17,45.3873,11.2193,164,499,574,41000,0,original
27.10.2025 10:25:47,45.3228,11.2447,164,500,575,41000,0,original
27.10.2025 10:26:17,45.2553,11.2720,165,500,575,41000,0,original
27.10.2025 10:26:47,45.1874,11.2987,165,503,579,41000,0,original
27.10.2025 10:27:17,45.1219,11.3250,164,504,580,41000,0,original
27.10.2025 10:27:47,45.0520,11.3528,164,505,581,41000,0,original
27.10.2025 10:28:17,44.9856,11.3782,165,502,578,41000,0,original
27.10.2025 10:28:47,44.9182,11.4047,164,506,582,41000,0,original
27.10.2025 10:29:17,44.8503,11.4318,164,506,582,41000,0,original
27.10.2025 10:29:47,44.7832,11.4583,165,506,582,41000,0,original
27.10.2025 10:30:17,44.7168,11.4839,164,508,585,41000,0,original
27.10.2025 10:30:47,44.6485,11.5107,164,507,583,41000,0,original
27.10.2025 10:31:18,44.5772,11.5385,165,506,582,41000,0,original
27.10.2025 10:31:48,44.5126,11.5632,165,502,578,41000,0,original
27.10.2025 10:32:18,44.4428,11.5903,165,497,572,41000,0,original
27.10.2025 10:32:48,44.3776,11.6158,165,492,566,41000,0,original
27.10.2025 10:33:18,44.3120,11.6408,165,489,563,41000,0,original
27.10.2025 10:33:48,44.2480,11.6655,165,488,562,41000,0,original
27.10.2025 10:34:18,44.1815,11.6910,165,487,560,41000,0,original
27.10.2025 10:34:48,44.1191,11.7150,165,487,560,41000,0,original
27.10.2025 10:35:18,44.0516,11.7411,164,487,560,41000,0,original
27.10.2025 10:35:48,43.9863,11.7654,164,486,559,41000,0,original
27.10.2025 10:36:18,43.9227,11.7898,164,486,559,41000,0,original
27.10.2025 10:36:35,43.8846,11.8039,166,484,557,41000,0,original
27.10.2025 10:37:03,43.8237,11.8211,170,479,551,41000,0,original
27.10.2025 10:37:34,43.7545,11.8393,168,480,552,41000,0,original
27.10.2025 10:38:04,43.6894,11.8584,168,479,551,41000,0,original
27.10.2025 10:38:34,43.6251,11.8774,168,478,550,41000,0,original
27.10.2025 10:39:04,43.5587,11.8959,169,481,554,41000,0,original
27.10.2025 10:39:35,43.4939,11.9138,169,479,551,41000,0,original
27.10.2025 10:40:05,43.4281,11.9321,169,482,555,41000,0,original
27.10.2025 10:40:36,43.3604,11.9508,168,483,556,41000,0,original
27.10.2025 10:41:06,43.2957,11.9687,168,483,556,41000,0,original
27.10.2025 10:41:36,43.2303,11.9868,169,482,555,41000,0,original
27.10.2025 10:42:06,43.1627,12.0051,169,480,552,41000,0,original
27.10.2025 10:42:36,43.0968,12.0237,168,479,551,41000,0,original
27.10.2025 10:43:06,43.0363,12.0405,169,479,551,41000,0,original
27.10.2025 10:43:36,42.9695,12.0589,169,478,550,41000,0,original
27.10.2025 10:44:07,42.8997,12.0777,169,477,549,41000,0,original
27.10.2025 10:44:38,42.8357,12.0953,168,478,550,41000,0,original
27.10.2025 10:45:08,42.7700,12.1133,169,477,549,41000,0,original
27.10.2025 10:45:38,42.7045,12.1310,168,479,551,41000,0,original
27.10.2025 10:46:08,42.6386,12.1490,168,478,550,41000,0,original
27.10.2025 10:46:38,42.5733,12.1665,169,478,550,41000,0,original
27.10.2025 10:47:08,42.5105,12.1835,169,477,549,41000,0,original
27.10.2025 10:47:39,42.4430,12.2020,169,478,550,41000,0,original
27.10.2025 10:48:09,42.3778,12.2194,169,481,554,41000,0,original
27.10.2025 10:48:39,42.3103,12.2378,169,482,555,41000,0,original
27.10.2025 10:49:09,42.2456,12.2545,169,482,555,41000,0,original
27.10.2025 10:49:39,42.1819,12.2719,169,480,552,41000,0,original
27.10.2025 10:50:09,42.1144,12.2901,168,480,552,41000,0,original
27.10.2025 10:50:39,42.0510,12.3070,169,478,550,41000,0,original
27.10.2025 10:51:09,41.9876,12.3235,169,478,550,41000,0,original
27.10.2025 10:51:39,41.9229,12.3408,169,478,550,41000,0,original
27.10.2025 10:52:10,41.8565,12.3587,169,473,544,41000,0,original
27.10.2025 10:52:41,41.7879,12.3764,169,471,542,41000,0,original
27.10.2025 10:53:12,41.7240,12.3934,169,470,541,41000,0,original
27.10.2025 10:53:42,41.6581,12.4110,169,468,539,41000,0,original
27.10.2025 10:54:12,41.5955,12.4273,169,466,536,41000,0,original
27.10.2025 10:54:42,41.5322,12.4439,169,465,535,41000,0,original
27.10.2025 10:55:12,41.4676,12.4605,169,464,534,41000,0,original
27.10.2025 10:55:43,41.4007,12.4782,169,463,533,41000,0,original
27.10.2025 10:56:13,41.3399,12.4939,169,462,532,41000,0,original
27.10.2025 10:56:44,41.2748,12.5107,169,459,528,41000,0,original
27.10.2025 10:57:14,41.2126,12.5270,169,457,526,41000,0,original
27.10.2025 10:57:44,41.1506,12.5432,169,454,522,41000,0,original
27.10.2025 10:58:14,41.0909,12.5587,169,453,521,41000,0,original
27.10.2025 10:58:44,41.0271,12.5748,169,454,522,41000,0,original
27.10.2025 10:59:14,40.9630,12.5913,169,451,519,41000,25,original
27.10.2025 10:59:44,40.9059,12.6064,169,451,519,41025,0,original
27.10.2025 11:00:15,40.8418,12.6225,169,448,516,41000,-25,original
27.10.2025 11:00:45,40.7827,12.6374,169,446,513,41000,-575,original
27.10.2025 11:01:15,40.7203,12.6540,169,447,514,40425,-1325,original
27.10.2025 11:01:45,40.6583,12.6693,169,449,517,39675,-1500,original
27.10.2025 11:02:15,40.5973,12.6848,169,452,520,38925,-1500,original
27.10.2025 11:02:45,40.5374,12.7003,169,454,522,38175,-1550,original
27.10.2025 11:03:15,40.4748,12.7160,169,459,528,37375,-1575,original
27.10.2025 11:03:45,40.4096,12.7325,169,473,544,36600,-1500,original
27.10.2025 11:04:16,40.3447,12.7491,169,486,559,35850,-1525,original
27.10.2025 11:04:46,40.2760,12.7666,169,488,562,35050,-1525,original
27.10.2025 11:05:16,40.2121,12.7823,170,482,555,34325,-1500,original
27.10.2025 11:05:46,40.1462,12.7988,169,479,551,33550,-1275,original
27.10.2025 11:06:16,40.0788,12.8160,169,484,557,33050,-524,original
27.10.2025 11:06:49,40.0080,12.8335,169,491,565,33000,-47,original
27.10.2025 11:07:20,39.9374,12.8510,169,494,568,33000,0,original
27.10.2025 11:07:50,39.8707,12.8677,169,498,573,33000,-400,original
27.10.2025 11:08:20,39.8021,12.8849,169,501,577,32600,-1125,original
27.10.2025 11:08:50,39.7329,12.9021,169,503,579,31875,-1525,original
27.10.2025 11:09:20,39.6644,12.9189,169,504,580,31075,-1750,original
27.10.2025 11:09:50,39.5970,12.9353,169,499,574,30125,-1925,original
27.10.2025 11:10:20,39.5297,12.9524,169,495,570,29150,-1975,original
27.10.2025 11:10:50,39.4620,12.9689,169,484,557,28150,-2025,original
27.10.2025 11:11:20,39.3954,12.9849,169,473,544,27125,-1975,original
27.10.2025 11:11:50,39.3344,13.0001,169,466,536,26175,-1918,original
27.10.2025 11:12:21,39.2692,13.0161,169,460,529,25175,-1992,original
27.10.2025 11:12:51,39.2056,13.0320,168,456,525,24150,-2000,original
27.10.2025 11:13:21,39.1445,13.0496,167,451,519,23175,-2000,original
27.10.2025 11:13:51,39.0819,13.0681,167,449,517,22150,-1975,original
27.10.2025 11:14:21,39.0222,13.0856,167,446,513,21200,-2125,original
27.10.2025 11:14:51,38.9612,13.1033,167,444,511,20025,-2375,original
27.10.2025 11:15:21,38.9030,13.1204,167,439,505,18825,-2475,original
27.10.2025 11:15:51,38.8427,13.1377,167,434,499,17550,-2525,original
27.10.2025 11:16:21,38.7838,13.1548,168,425,489,16300,-2410,original
27.10.2025 11:16:52,38.7274,13.1710,167,409,471,15100,-2238,original
27.10.2025 11:17:22,38.6735,13.1867,168,388,447,14025,-2016,original
27.10.2025 11:17:53,38.6208,13.2016,167,358,412,13050,-1721,original
27.10.2025 11:18:23,38.5728,13.2157,167,330,380,12275,-1559,original
27.10.2025 11:18:44,38.5423,13.2253,163,318,366,11725,-1500,original
27.10.2025 11:19:23,38.4916,13.2498,158,300,345,10775,-1500,original
27.10.2025 11:19:53,38.4533,13.2713,156,291,335,10000,-1533,original
27.10.2025 11:20:09,38.4338,13.2823,156,285,328,9600,-1500,original
27.10.2025 11:20:37,38.4007,13.3006,155,281,323,8900,-1500,original
27.10.2025 11:20:54,38.3836,13.3187,124,288,331,8475,-1257,original
27.10.2025 11:21:14,38.3764,13.3496,91,271,312,8125,-1066,original
27.10.2025 11:21:32,38.3789,13.3773,83,259,298,7800,-1014,original
27.10.2025 11:21:51,38.3728,13.4057,122,262,302,7500,-1145,original
27.10.2025 11:22:10,38.3570,13.4261,144,258,297,7075,-1696,original
27.10.2025 11:22:37,38.3293,13.4449,157,246,283,6200,-2011,original
27.10.2025 11:22:57,38.3083,13.4451,202,215,247,5500,-1977,original
27.10.2025 11:23:21,38.2914,13.4262,233,210,242,4750,-1867,original
27.10.2025 11:23:42,38.2809,13.4034,243,215,247,4100,-1598,original
27.10.2025 11:24:07,38.2710,13.3740,248,211,243,3525,-886,original
27.10.2025 11:24:26,38.2645,13.3536,250,192,221,3450,-122,original
27.10.2025 11:24:44,38.2659,13.3347,304,184,212,3450,0,original
27.10.2025 11:25:01,38.2792,13.3258,355,204,235,3450,0,original
27.10.2025 11:25:21,38.2967,13.3359,48,229,264,3450,0,original
27.10.2025 11:25:40,38.3027,13.3589,90,238,274,3450,0,original
27.10.2025 11:25:56,38.2957,13.3794,134,237,273,3450,0,original
27.10.2025 11:26:13,38.2795,13.3895,176,224,258,3450,0,original
27.10.2025 11:26:31,38.2634,13.3825,222,205,236,3450,-33,original
27.10.2025 11:26:58,38.2568,13.3526,265,188,216,3425,0,original
27.10.2025 11:27:18,38.2538,13.3316,255,176,203,3450,-351,original
27.10.2025 11:27:45,38.2472,13.3053,250,176,203,3150,-837,original
27.10.2025 11:28:01,38.2424,13.2897,247,180,207,2850,-1043,original
27.10.2025 11:28:31,38.2327,13.2608,247,178,205,2350,-950,original
27.10.2025 11:29:01,38.2230,13.2321,247,171,197,1900,-861,original
27.10.2025 11:29:32,38.2144,13.2062,247,141,162,1475,-823,original
